mean_fit_time,std_fit_time,mean_score_time,std_score_time,param_classifier__colsample_bytree,param_classifier__gamma,param_classifier__learning_rate,param_classifier__max_depth,param_classifier__min_child_weight,param_classifier__n_estimators,param_classifier__reg_alpha,param_classifier__reg_lambda,param_classifier__subsample,params,split0_test_score,mean_test_score,std_test_score,rank_test_score
26.70442795753479,0.0,2.061211109161377,0.0,0.7810890415965769,3.8028572256396647,0.1028392730173686,6,7,371,0.15599452033620265,0.7904180608409973,0.9531616510212273,"{'classifier__colsample_bytree': np.float64(0.7810890415965769), 'classifier__gamma': np.float64(3.8028572256396647), 'classifier__learning_rate': np.float64(0.1028392730173686), 'classifier__max_depth': 6, 'classifier__min_child_weight': 7, 'classifier__n_estimators': 371, 'classifier__reg_alpha': np.float64(0.15599452033620265), 'classifier__reg_lambda': np.float64(0.7904180608409973), 'classifier__subsample': np.float64(0.9531616510212273)}",0.6571417009343116,0.6571417009343116,0.0,22
27.19145894050598,0.0,2.832271099090576,0.0,0.8603902541101232,2.832290311184182,0.01747013931549629,3,12,663,0.21233911067827616,1.409124836035503,0.7141915784487018,"{'classifier__colsample_bytree': np.float64(0.8603902541101232), 'classifier__gamma': np.float64(2.832290311184182), 'classifier__learning_rate': np.float64(0.01747013931549629), 'classifier__max_depth': 3, 'classifier__min_child_weight': 12, 'classifier__n_estimators': 663, 'classifier__reg_alpha': np.float64(0.21233911067827616), 'classifier__reg_lambda': np.float64(1.409124836035503), 'classifier__subsample': np.float64(0.7141915784487018)}",0.65938822573439,0.65938822573439,0.0,3
28.390531063079834,0.0,3.4028191566467285,0.0,0.7564847850358383,2.0990257265289514,0.06683340223705389,2,10,725,0.9737555188414592,1.6638567021515211,0.6817122520864873,"{'classifier__colsample_bytree': np.float64(0.7564847850358383), 'classifier__gamma': np.float64(2.0990257265289514), 'classifier__learning_rate': np.float64(0.06683340223705389), 'classifier__max_depth': 2, 'classifier__min_child_weight': 10, 'classifier__n_estimators': 725, 'classifier__reg_alpha': np.float64(0.9737555188414592), 'classifier__reg_lambda': np.float64(1.6638567021515211), 'classifier__subsample': np.float64(0.6817122520864873)}",0.6588217369514555,0.6588217369514555,0.0,9
25.132105350494385,0.0,1.2561578750610352,0.0,0.8664351032665806,1.529847965068651,0.13298770629681458,2,3,734,0.6075448519014384,1.3526206184364575,0.6727680575448478,"{'classifier__colsample_bytree': np.float64(0.8664351032665806), 'classifier__gamma': np.float64(1.529847965068651), 'classifier__learning_rate': np.float64(0.13298770629681458), 'classifier__max_depth': 2, 'classifier__min_child_weight': 3, 'classifier__n_estimators': 734, 'classifier__reg_alpha': np.float64(0.6075448519014384), 'classifier__reg_lambda': np.float64(1.3526206184364575), 'classifier__subsample': np.float64(0.6727680575448478)}",0.6566659897451462,0.6566659897451462,0.0,24
25.88510775566101,0.0,1.4777002334594727,0.0,0.9821099380386666,3.8625281322982374,0.11200768177397533,2,2,589,0.24102546602601171,3.916317594127291,0.8634988302239173,"{'classifier__colsample_bytree': np.float64(0.9821099380386666), 'classifier__gamma': np.float64(3.8625281322982374), 'classifier__learning_rate': np.float64(0.11200768177397533), 'classifier__max_depth': 2, 'classifier__min_child_weight': 2, 'classifier__n_estimators': 589, 'classifier__reg_alpha': np.float64(0.24102546602601171), 'classifier__reg_lambda': np.float64(3.916317594127291), 'classifier__subsample': np.float64(0.8634988302239173)}",0.6583249260898916,0.6583249260898916,0.0,13
26.20917820930481,0.0,1.3582956790924072,0.0,0.9416182191076575,0.6934586140310883,0.06192727290878889,3,8,637,0.31171107608941095,3.100340105889054,0.8413485977701479,"{'classifier__colsample_bytree': np.float64(0.9416182191076575), 'classifier__gamma': np.float64(0.6934586140310883), 'classifier__learning_rate': np.float64(0.06192727290878889), 'classifier__max_depth': 3, 'classifier__min_child_weight': 8, 'classifier__n_estimators': 637, 'classifier__reg_alpha': np.float64(0.31171107608941095), 'classifier__reg_lambda': np.float64(3.100340105889054), 'classifier__subsample': np.float64(0.8413485977701479)}",0.6583149754858695,0.6583149754858695,0.0,14
18.722264051437378,0.0,2.1119818687438965,0.0,0.7146990594339345,3.8783385110582342,0.10801593880333374,3,10,519,0.7272719958564209,2.132703844029177,0.8496553910418898,"{'classifier__colsample_bytree': np.float64(0.7146990594339345), 'classifier__gamma': np.float64(3.8783385110582342), 'classifier__learning_rate': np.float64(0.10801593880333374), 'classifier__max_depth': 3, 'classifier__min_child_weight': 10, 'classifier__n_estimators': 519, 'classifier__reg_alpha': np.float64(0.7272719958564209), 'classifier__reg_lambda': np.float64(2.132703844029177), 'classifier__subsample': np.float64(0.8496553910418898)}",0.6585800982908045,0.6585800982908045,0.0,12
11.462684154510498,0.0,1.0830748081207275,0.0,0.8322919910090383,3.8446880973973965,0.11634406184137816,6,18,302,0.5867511656638482,5.32627653632069,0.8624619866903397,"{'classifier__colsample_bytree': np.float64(0.8322919910090383), 'classifier__gamma': np.float64(3.8446880973973965), 'classifier__learning_rate': np.float64(0.11634406184137816), 'classifier__max_depth': 6, 'classifier__min_child_weight': 18, 'classifier__n_estimators': 302, 'classifier__reg_alpha': np.float64(0.5867511656638482), 'classifier__reg_lambda': np.float64(5.32627653632069), 'classifier__subsample': np.float64(0.8624619866903397)}",0.6566583150787175,0.6566583150787175,0.0,25
47.9410400390625,0.0,3.3989028930664062,0.0,0.7465997137078901,1.1850940228163296,0.0348320326875603,2,7,770,0.7722447692966574,1.493578407670862,0.6519327409932608,"{'classifier__colsample_bytree': np.float64(0.7465997137078901), 'classifier__gamma': np.float64(1.1850940228163296), 'classifier__learning_rate': np.float64(0.0348320326875603), 'classifier__max_depth': 2, 'classifier__min_child_weight': 7, 'classifier__n_estimators': 770, 'classifier__reg_alpha': np.float64(0.7722447692966574), 'classifier__reg_lambda': np.float64(1.493578407670862), 'classifier__subsample': np.float64(0.6519327409932608)}",0.6592430977526647,0.6592430977526647,0.0,4
27.009514093399048,0.0,3.289367914199829,0.0,0.935411499959192,2.8274293753904685,0.10248086016491847,2,5,739,0.3584657285442726,1.0793452976256486,0.9520861990564577,"{'classifier__colsample_bytree': np.float64(0.935411499959192), 'classifier__gamma': np.float64(2.8274293753904685), 'classifier__learning_rate': np.float64(0.10248086016491847), 'classifier__max_depth': 2, 'classifier__min_child_weight': 5, 'classifier__n_estimators': 739, 'classifier__reg_alpha': np.float64(0.3584657285442726), 'classifier__reg_lambda': np.float64(1.0793452976256486), 'classifier__subsample': np.float64(0.9520861990564577)}",0.6589372759769463,0.6589372759769463,0.0,6
26.582715034484863,0.0,2.0045700073242188,0.0,0.8681543443896453,1.3235920994105967,0.022627002034322836,7,5,348,0.5912977877077271,1.873608964950321,0.8464351990466954,"{'classifier__colsample_bytree': np.float64(0.8681543443896453), 'classifier__gamma': np.float64(1.3235920994105967), 'classifier__learning_rate': np.float64(0.022627002034322836), 'classifier__max_depth': 7, 'classifier__min_child_weight': 5, 'classifier__n_estimators': 348, 'classifier__reg_alpha': np.float64(0.5912977877077271), 'classifier__reg_lambda': np.float64(1.873608964950321), 'classifier__subsample': np.float64(0.8464351990466954)}",0.6589500551638986,0.6589500551638986,0.0,5
26.472349166870117,0.0,3.3134689331054688,0.0,0.7840244061638264,3.886848381556415,0.11686965891193006,6,14,642,0.7106628896857874,1.0544541040591566,0.8037677756530195,"{'classifier__colsample_bytree': np.float64(0.7840244061638264), 'classifier__gamma': np.float64(3.886848381556415), 'classifier__learning_rate': np.float64(0.11686965891193006), 'classifier__max_depth': 6, 'classifier__min_child_weight': 14, 'classifier__n_estimators': 642, 'classifier__reg_alpha': np.float64(0.7106628896857874), 'classifier__reg_lambda': np.float64(1.0544541040591566), 'classifier__subsample': np.float64(0.8037677756530195)}",0.6533664166359023,0.6533664166359023,0.0,28
27.834643840789795,0.0,1.9848201274871826,0.0,0.7206017208173887,3.5830543826940775,0.07204442678185341,6,4,734,0.24929222914887494,2.5519146151781484,0.914442898490067,"{'classifier__colsample_bytree': np.float64(0.7206017208173887), 'classifier__gamma': np.float64(3.5830543826940775), 'classifier__learning_rate': np.float64(0.07204442678185341), 'classifier__max_depth': 6, 'classifier__min_child_weight': 4, 'classifier__n_estimators': 734, 'classifier__reg_alpha': np.float64(0.24929222914887494), 'classifier__reg_lambda': np.float64(2.5519146151781484), 'classifier__subsample': np.float64(0.914442898490067)}",0.6573406699208709,0.6573406699208709,0.0,21
46.66592574119568,0.0,3.823829174041748,0.0,0.7300793579220679,0.30791963931517197,0.04977017434965216,7,2,806,0.295633685837714,1.027471299151353,0.8097870996690186,"{'classifier__colsample_bytree': np.float64(0.7300793579220679), 'classifier__gamma': np.float64(0.30791963931517197), 'classifier__learning_rate': np.float64(0.04977017434965216), 'classifier__max_depth': 7, 'classifier__min_child_weight': 2, 'classifier__n_estimators': 806, 'classifier__reg_alpha': np.float64(0.295633685837714), 'classifier__reg_lambda': np.float64(1.027471299151353), 'classifier__subsample': np.float64(0.8097870996690186)}",0.6466625487552632,0.6466625487552632,0.0,30
14.68724012374878,0.0,1.1716439723968506,0.0,0.7264541530258918,1.6660397914814649,0.12099363107026419,3,7,439,0.11005192452767676,1.6396758127097084,0.7994877260191897,"{'classifier__colsample_bytree': np.float64(0.7264541530258918), 'classifier__gamma': np.float64(1.6660397914814649), 'classifier__learning_rate': np.float64(0.12099363107026419), 'classifier__max_depth': 3, 'classifier__min_child_weight': 7, 'classifier__n_estimators': 439, 'classifier__reg_alpha': np.float64(0.11005192452767676), 'classifier__reg_lambda': np.float64(1.6396758127097084), 'classifier__subsample': np.float64(0.7994877260191897)}",0.6575591928394063,0.6575591928394063,0.0,20
20.482397079467773,0.0,2.2361578941345215,0.0,0.9363051680728727,3.4429223330253738,0.015834255663742886,4,9,567,0.22210781047073025,1.0993268366684141,0.7681653099912698,"{'classifier__colsample_bytree': np.float64(0.9363051680728727), 'classifier__gamma': np.float64(3.4429223330253738), 'classifier__learning_rate': np.float64(0.015834255663742886), 'classifier__max_depth': 4, 'classifier__min_child_weight': 9, 'classifier__n_estimators': 567, 'classifier__reg_alpha': np.float64(0.22210781047073025), 'classifier__reg_lambda': np.float64(1.0993268366684141), 'classifier__subsample': np.float64(0.7681653099912698)}",0.6595742197177655,0.6595742197177655,0.0,2
20.51185894012451,0.0,1.352499008178711,0.0,0.9800183963693817,1.292811728083021,0.07725487460920394,2,17,746,0.2539154139343447,1.734380314193006,0.8937064954939259,"{'classifier__colsample_bytree': np.float64(0.9800183963693817), 'classifier__gamma': np.float64(1.292811728083021), 'classifier__learning_rate': np.float64(0.07725487460920394), 'classifier__max_depth': 2, 'classifier__min_child_weight': 17, 'classifier__n_estimators': 746, 'classifier__reg_alpha': np.float64(0.2539154139343447), 'classifier__reg_lambda': np.float64(1.734380314193006), 'classifier__subsample': np.float64(0.8937064954939259)}",0.6588182662528875,0.6588182662528875,0.0,10
10.406553745269775,0.0,1.1438541412353516,0.0,0.8992947064735547,0.5923477198135996,0.13472885820587302,4,17,251,0.5026790232288615,0.7573937562499468,0.7475262624828141,"{'classifier__colsample_bytree': np.float64(0.8992947064735547), 'classifier__gamma': np.float64(0.5923477198135996), 'classifier__learning_rate': np.float64(0.13472885820587302), 'classifier__max_depth': 4, 'classifier__min_child_weight': 17, 'classifier__n_estimators': 251, 'classifier__reg_alpha': np.float64(0.5026790232288615), 'classifier__reg_lambda': np.float64(0.7573937562499468), 'classifier__subsample': np.float64(0.7475262624828141)}",0.6570884275987551,0.6570884275987551,0.0,23
23.689707040786743,0.0,2.7852249145507812,0.0,0.9678930600883289,0.9582475626678897,0.032387384650946774,5,6,665,0.5926967238793935,0.9042666316635762,0.7793790596214916,"{'classifier__colsample_bytree': np.float64(0.9678930600883289), 'classifier__gamma': np.float64(0.9582475626678897), 'classifier__learning_rate': np.float64(0.032387384650946774), 'classifier__max_depth': 5, 'classifier__min_child_weight': 6, 'classifier__n_estimators': 665, 'classifier__reg_alpha': np.float64(0.5926967238793935), 'classifier__reg_lambda': np.float64(0.9042666316635762), 'classifier__subsample': np.float64(0.7793790596214916)}",0.6577293611847214,0.6577293611847214,0.0,19
21.164734840393066,0.0,2.100475311279297,0.0,0.734755978397099,3.2125590255195835,0.07143607613352461,3,6,760,0.0902897700544083,4.67651247794619,0.7622730227401076,"{'classifier__colsample_bytree': np.float64(0.734755978397099), 'classifier__gamma': np.float64(3.2125590255195835), 'classifier__learning_rate': np.float64(0.07143607613352461), 'classifier__max_depth': 3, 'classifier__min_child_weight': 6, 'classifier__n_estimators': 760, 'classifier__reg_alpha': np.float64(0.0902897700544083), 'classifier__reg_lambda': np.float64(4.67651247794619), 'classifier__subsample': np.float64(0.7622730227401076)}",0.6581019809144788,0.6581019809144788,0.0,17
23.16572880744934,0.0,1.4027483463287354,0.0,0.715281478639949,0.16310056621905566,0.08590715318258901,4,4,652,0.7111495324380178,4.547505230698577,0.7720330955521053,"{'classifier__colsample_bytree': np.float64(0.715281478639949), 'classifier__gamma': np.float64(0.16310056621905566), 'classifier__learning_rate': np.float64(0.08590715318258901), 'classifier__max_depth': 4, 'classifier__min_child_weight': 4, 'classifier__n_estimators': 652, 'classifier__reg_alpha': np.float64(0.7111495324380178), 'classifier__reg_lambda': np.float64(4.547505230698577), 'classifier__subsample': np.float64(0.7720330955521053)}",0.654808747487245,0.654808747487245,0.0,27
24.927528142929077,0.0,2.693046808242798,0.0,0.6836617928819972,3.762093057958416,0.06270864253050268,3,8,890,0.6756901170392807,4.17608059620386,0.7231750672581998,"{'classifier__colsample_bytree': np.float64(0.6836617928819972), 'classifier__gamma': np.float64(3.762093057958416), 'classifier__learning_rate': np.float64(0.06270864253050268), 'classifier__max_depth': 3, 'classifier__min_child_weight': 8, 'classifier__n_estimators': 890, 'classifier__reg_alpha': np.float64(0.6756901170392807), 'classifier__reg_lambda': np.float64(4.17608059620386), 'classifier__subsample': np.float64(0.7231750672581998)}",0.6580527488084706,0.6580527488084706,0.0,18
24.2689950466156,0.0,1.8078489303588867,0.0,0.8395067908396481,2.7831375973803287,0.04242600261567596,3,16,821,0.260829174830409,5.481268498789621,0.9878967729510777,"{'classifier__colsample_bytree': np.float64(0.8395067908396481), 'classifier__gamma': np.float64(2.7831375973803287), 'classifier__learning_rate': np.float64(0.04242600261567596), 'classifier__max_depth': 3, 'classifier__min_child_weight': 16, 'classifier__n_estimators': 821, 'classifier__reg_alpha': np.float64(0.260829174830409), 'classifier__reg_lambda': np.float64(5.481268498789621), 'classifier__subsample': np.float64(0.9878967729510777)}",0.6588950893835602,0.6588950893835602,0.0,7
21.978278875350952,0.0,3.6762280464172363,0.0,0.8454027087624841,3.530545372757359,0.037644853000965525,2,3,457,0.8971102599525771,4.9354321213255865,0.9229564410501683,"{'classifier__colsample_bytree': np.float64(0.8454027087624841), 'classifier__gamma': np.float64(3.530545372757359), 'classifier__learning_rate': np.float64(0.037644853000965525), 'classifier__max_depth': 2, 'classifier__min_child_weight': 3, 'classifier__n_estimators': 457, 'classifier__reg_alpha': np.float64(0.8971102599525771), 'classifier__reg_lambda': np.float64(4.9354321213255865), 'classifier__subsample': np.float64(0.9229564410501683)}",0.6587678892973707,0.6587678892973707,0.0,11
30.73059391975403,0.0,2.3902671337127686,0.0,0.8747110761540007,0.33655985998019533,0.03439544569135365,7,8,503,0.009197051616629648,1.0073577143301606,0.8822256191878195,"{'classifier__colsample_bytree': np.float64(0.8747110761540007), 'classifier__gamma': np.float64(0.33655985998019533), 'classifier__learning_rate': np.float64(0.03439544569135365), 'classifier__max_depth': 7, 'classifier__min_child_weight': 8, 'classifier__n_estimators': 503, 'classifier__reg_alpha': np.float64(0.009197051616629648), 'classifier__reg_lambda': np.float64(1.0073577143301606), 'classifier__subsample': np.float64(0.8822256191878195)}",0.6556993715138202,0.6556993715138202,0.0,26
21.3237361907959,0.0,1.4825878143310547,0.0,0.6517715543461765,0.6432322056699946,0.08084805472399033,7,3,410,0.018075363615520867,2.969468575917173,0.7125879482274651,"{'classifier__colsample_bytree': np.float64(0.6517715543461765), 'classifier__gamma': np.float64(0.6432322056699946), 'classifier__learning_rate': np.float64(0.08084805472399033), 'classifier__max_depth': 7, 'classifier__min_child_weight': 3, 'classifier__n_estimators': 410, 'classifier__reg_alpha': np.float64(0.018075363615520867), 'classifier__reg_lambda': np.float64(2.969468575917173), 'classifier__subsample': np.float64(0.7125879482274651)}",0.6484932202697634,0.6484932202697634,0.0,29
17.709009885787964,0.0,1.0279181003570557,0.0,0.778264074604001,2.976682092226249,0.10151279091025552,2,16,709,0.50881407683876,3.6816630909294767,0.7376616365119545,"{'classifier__colsample_bytree': np.float64(0.778264074604001), 'classifier__gamma': np.float64(2.976682092226249), 'classifier__learning_rate': np.float64(0.10151279091025552), 'classifier__max_depth': 2, 'classifier__min_child_weight': 16, 'classifier__n_estimators': 709, 'classifier__reg_alpha': np.float64(0.50881407683876), 'classifier__reg_lambda': np.float64(3.6816630909294767), 'classifier__subsample': np.float64(0.7376616365119545)}",0.6582521243672659,0.6582521243672659,0.0,15
14.690738916397095,0.0,1.8638510704040527,0.0,0.8564547966461904,3.915571433100036,0.07340905835513462,4,2,526,0.5026370931051921,3.3845194231317954,0.8223811928366024,"{'classifier__colsample_bytree': np.float64(0.8564547966461904), 'classifier__gamma': np.float64(3.915571433100036), 'classifier__learning_rate': np.float64(0.07340905835513462), 'classifier__max_depth': 4, 'classifier__min_child_weight': 2, 'classifier__n_estimators': 526, 'classifier__reg_alpha': np.float64(0.5026370931051921), 'classifier__reg_lambda': np.float64(3.3845194231317954), 'classifier__subsample': np.float64(0.8223811928366024)}",0.6582293714722489,0.6582293714722489,0.0,16
18.15899109840393,0.0,1.1463139057159424,0.0,0.7183350457293156,2.8898084610460213,0.04869268349290269,4,17,761,0.17711067940704894,5.202292921764571,0.9838750019509056,"{'classifier__colsample_bytree': np.float64(0.7183350457293156), 'classifier__gamma': np.float64(2.8898084610460213), 'classifier__learning_rate': np.float64(0.04869268349290269), 'classifier__max_depth': 4, 'classifier__min_child_weight': 17, 'classifier__n_estimators': 761, 'classifier__reg_alpha': np.float64(0.17711067940704894), 'classifier__reg_lambda': np.float64(5.202292921764571), 'classifier__subsample': np.float64(0.9838750019509056)}",0.6588548133556369,0.6588548133556369,0.0,8
22.90063500404358,0.0,1.830604076385498,0.0,0.9702025365771569,1.4806348010217776,0.01685479398346409,6,17,551,0.9666548190436696,5.318099885446264,0.9485533094135761,"{'classifier__colsample_bytree': np.float64(0.9702025365771569), 'classifier__gamma': np.float64(1.4806348010217776), 'classifier__learning_rate': np.float64(0.01685479398346409), 'classifier__max_depth': 6, 'classifier__min_child_weight': 17, 'classifier__n_estimators': 551, 'classifier__reg_alpha': np.float64(0.9666548190436696), 'classifier__reg_lambda': np.float64(5.318099885446264), 'classifier__subsample': np.float64(0.9485533094135761)}",0.6596239434054202,0.6596239434054202,0.0,1
